Time,FPS,Chunks Loaded,Chunks Loading,Accumulated Time
0.0077326004,129.3226,2,0,0.0077326004
0.070807,14.122897,4,0,0.0785396
0.0151461,66.0236,5,1,0.0936857
0.0160475,62.315002,7,1,0.1097332
0.015889,62.936623,9,1,0.1256222
0.0153122,65.3074,11,1,0.1409344
0.016520001,60.53269,13,1,0.15745439
0.0167912,59.555004,15,1,0.17424558
0.0157071,63.665474,16,2,0.18995269
0.0162788,61.42959,16,4,0.20623149
0.0163617,61.118343,22,0,0.22259319
0.0167377,59.745365,23,1,0.23933089
